id,first_name,last_name,email,gender,ip_address
1,Fabien,Lantoph,flantoph0@adobe.com,Male,217.185.31.81
2,Aldous,Cottrell,acottrell1@163.com,Male,242.208.64.205
3,Jock,Kubis,jkubis2@stumbleupon.com,Male,224.41.123.134
4,Lorna,Jahan,ljahan3@theatlantic.com,Female,184.2.13.88
5,Shayne,Stihl,sstihl4@oakley.com,Male,32.75.171.86
6,Robin,Chason,rchason5@ning.com,Female,41.2.206.87
7,Vincent,Fillon,vfillon6@wordpress.com,Male,159.197.0.4
8,Karalee,Arrigo,karrigo7@amazon.de,Female,192.58.216.190
9,Barny,Grundy,bgrundy8@foxnews.com,Male,240.68.195.53
10,Rosabel,Cabrales,rcabrales9@feedburner.com,Female,170.36.11.232
11,Hagan,Girod,hgiroda@opera.com,Male,4.244.119.178
12,Garik,D'Elias,gdeliasb@gnu.org,Male,203.126.91.97
13,Nisse,Zylbermann,nzylbermannc@phpbb.com,Female,52.147.152.244
14,Vin,Stroyan,vstroyand@sogou.com,Female,200.17.74.11
15,Arni,Renison,arenisone@myspace.com,Genderqueer,7.57.49.51
16,Miriam,Ramsdale,mramsdalef@4shared.com,Female,186.106.75.176
17,Bearnard,Tilbury,btilburyg@fema.gov,Male,34.95.109.55
18,Ganny,Theuff,gtheuffh@wunderground.com,Male,178.223.232.140
19,Denys,Rowantree,drowantreei@ucoz.ru,Male,254.133.128.219
20,Tobey,Domb,tdombj@w3.org,Female,203.68.46.31
21,Raymund,Quesne,rquesnek@nydailynews.com,Male,42.162.12.219
22,Pip,Lamont,plamontl@hud.gov,Male,97.59.43.25
23,Moritz,Roels,mroelsm@yahoo.co.jp,Male,83.145.14.173
24,Dedra,Edwins,dedwinsn@smh.com.au,Female,29.95.205.215
25,Gael,Matzel,gmatzelo@ovh.net,Male,207.203.224.162
26,Patrizia,McEntee,pmcenteep@pcworld.com,Female,159.240.178.106
27,Erminie,L'Episcopi,elepiscopiq@privacy.gov.au,Female,165.135.201.132
28,Lenard,Aizkovitch,laizkovitchr@house.gov,Male,125.43.36.179
29,Isa,Fruen,ifruens@uiuc.edu,Female,255.152.152.141
30,Terrence,Damper,tdampert@wix.com,Male,51.61.138.228
31,Garald,Ayrs,gayrsu@elegantthemes.com,Male,191.162.4.142
32,Emmery,Crowley,ecrowleyv@unc.edu,Male,44.62.215.171
33,Sheila-kathryn,Naton,snatonw@php.net,Genderqueer,27.111.155.144
34,Riki,Gallahue,rgallahuex@engadget.com,Female,75.198.210.213
35,Abra,Shoebridge,ashoebridgey@amazon.com,Female,29.239.173.192
36,Charo,Houliston,choulistonz@goo.ne.jp,Non-binary,240.232.82.89
37,Rosana,Litchfield,rlitchfield10@csmonitor.com,Female,109.88.162.124
38,Geno,Denidge,gdenidge11@google.de,Male,116.26.181.163
39,Silvia,O'Lagen,solagen12@indiegogo.com,Female,152.26.138.223
40,Fawn,Surgison,fsurgison13@java.com,Polygender,96.148.129.3
41,Jarvis,Snaddon,jsnaddon14@ameblo.jp,Male,40.35.40.55
42,Rogerio,Benneton,rbenneton15@cbsnews.com,Male,197.242.148.25
43,Willi,Bartusek,wbartusek16@artisteer.com,Male,98.44.58.79
44,Lindsay,Kernock,lkernock17@nhs.uk,Female,216.251.35.76
45,Mil,Rothert,mrothert18@gnu.org,Genderqueer,255.15.123.145
46,Madella,Brumbye,mbrumbye19@opensource.org,Female,152.166.143.204
47,Lynde,Byres,lbyres1a@free.fr,Female,243.198.75.87
48,Bennett,Pinnigar,bpinnigar1b@drupal.org,Male,252.99.108.155
49,Tansy,Clausen-Thue,tclausenthue1c@tmall.com,Female,217.112.116.240
50,Byron,Leal,bleal1d@cafepress.com,Male,40.127.247.230
51,Brittani,Ilsley,bilsley1e@miitbeian.gov.cn,Non-binary,83.194.25.113
52,Mattias,Caldecot,mcaldecot1f@about.com,Male,75.124.103.134
53,Del,Eadon,deadon1g@4shared.com,Male,70.181.94.156
54,Zane,Severn,zsevern1h@vkontakte.ru,Male,67.53.121.149
55,King,Goldsbrough,kgoldsbrough1i@home.pl,Male,253.212.121.128
56,Laurette,Eacott,leacott1j@thetimes.co.uk,Female,56.133.69.137
57,Edwin,Earl,eearl1k@reference.com,Male,86.69.5.175
58,Hammad,Allport,hallport1l@cam.ac.uk,Male,228.63.210.225
59,Zondra,Worlidge,zworlidge1m@bloglovin.com,Female,168.151.27.186
60,Gherardo,Ker,gker1n@macromedia.com,Male,66.236.83.173
61,Margit,Lude,mlude1o@goodreads.com,Female,125.234.223.59
62,Tomkin,Veld,tveld1p@utexas.edu,Agender,129.69.78.98
63,Vanya,Blackaller,vblackaller1q@sina.com.cn,Male,124.221.29.34
64,Fey,Gauden,fgauden1r@e-recht24.de,Female,72.10.97.206
65,Carolan,Ricciardiello,cricciardiello1s@google.com.au,Female,191.192.96.143
66,Swen,Mulqueen,smulqueen1t@ezinearticles.com,Male,242.169.40.123
67,Dosi,Itschakov,ditschakov1u@epa.gov,Female,203.73.79.139
68,Lacey,Nyles,lnyles1v@w3.org,Non-binary,117.224.14.150
69,Roseanna,Wetherhead,rwetherhead1w@tmall.com,Female,188.137.87.115
70,Wendeline,Tomaselli,wtomaselli1x@canalblog.com,Female,4.119.93.9
71,Arnold,Wyson,awyson1y@discuz.net,Non-binary,173.106.113.188
72,Yehudit,Keatch,ykeatch1z@chronoengine.com,Male,226.165.0.202
73,Erroll,Mirrlees,emirrlees20@hp.com,Male,109.30.56.89
74,Staford,Tryhorn,stryhorn21@indiegogo.com,Male,41.125.31.164
75,Ellary,Stebbings,estebbings22@ocn.ne.jp,Male,124.104.150.54
76,Odelia,Breen,obreen23@ebay.co.uk,Female,212.183.95.196
77,Farlay,Blaza,fblaza24@sphinn.com,Male,40.112.245.180
78,Maggie,Kuschek,mkuschek25@java.com,Female,163.69.113.84
79,Mandie,Bartlett,mbartlett26@qq.com,Female,6.61.44.81
80,Dorotea,Squelch,dsquelch27@blogspot.com,Genderfluid,228.153.229.216
81,Lanette,Barthelemy,lbarthelemy28@themeforest.net,Polygender,175.15.126.96
82,Nathanael,Halfpenny,nhalfpenny29@opensource.org,Male,11.164.88.78
83,Angelina,Pulteneye,apulteneye2a@java.com,Female,31.247.135.100
84,Oriana,Boteman,oboteman2b@exblog.jp,Female,129.165.117.254
85,Guenevere,Garrelts,ggarrelts2c@simplemachines.org,Female,0.33.131.126
86,Erica,McCart,emccart2d@earthlink.net,Female,94.244.150.78
87,Tristan,Forte,tforte2e@ovh.net,Male,111.51.76.145
88,Lesly,Prior,lprior2f@dot.gov,Female,158.200.174.58
89,Clerc,Mallaby,cmallaby2g@geocities.jp,Male,215.36.141.209
90,Angelina,Warman,awarman2h@freewebs.com,Female,80.233.243.175
91,Dannye,Mackriell,dmackriell2i@oracle.com,Female,64.131.136.143
92,Alaric,Steade,asteade2j@digg.com,Genderqueer,207.41.234.73
93,Lindon,Walkden,lwalkden2k@slideshare.net,Genderfluid,159.51.24.231
94,Raviv,Hassur,rhassur2l@e-recht24.de,Male,96.171.13.195
95,Web,Fergyson,wfergyson2m@ocn.ne.jp,Male,185.233.59.49
96,Meghan,Carus,mcarus2n@exblog.jp,Female,238.123.65.122
97,Andros,Tamsett,atamsett2o@woothemes.com,Male,20.61.254.16
98,Shae,Rogerot,srogerot2p@pcworld.com,Male,83.133.229.168
99,Lynette,Selwyn,lselwyn2q@ft.com,Female,6.239.189.78
100,Ilise,Drydale,idrydale2r@tumblr.com,Female,213.222.0.0
101,Dolli,Perico,dperico2s@miibeian.gov.cn,Female,164.68.249.6
102,Isiahi,Ziehm,iziehm2t@google.pl,Male,91.73.254.36
103,Oriana,Cozins,ocozins2u@sbwire.com,Female,204.140.90.3
104,Lorain,Vanne,lvanne2v@usnews.com,Female,140.250.122.241
105,Shell,Gimert,sgimert2w@moonfruit.com,Male,239.77.121.234
106,Lucio,Fussell,lfussell2x@ovh.net,Bigender,63.219.145.243
107,Dayna,Dwelling,ddwelling2y@t.co,Female,71.81.206.152
108,Ashil,Mogridge,amogridge2z@webs.com,Female,205.97.126.133
109,Veriee,Stuehmeier,vstuehmeier30@csmonitor.com,Female,205.199.236.141
110,Maisie,Klees,mklees31@uiuc.edu,Bigender,185.119.174.61
111,Solly,Rubenczyk,srubenczyk32@sphinn.com,Male,113.217.227.250
112,Ulric,Heads,uheads33@lycos.com,Male,13.255.36.22
113,Zachariah,Hull,zhull34@amazon.com,Male,214.26.239.205
114,Huntington,Portman,hportman35@mapy.cz,Male,211.106.198.212
115,Ingeberg,Wimms,iwimms36@qq.com,Female,11.64.229.108
116,Martina,Ivan,mivan37@sfgate.com,Female,26.50.0.201
117,Gare,Brockway,gbrockway38@360.cn,Male,88.144.92.59
118,Myra,Hollow,mhollow39@nsw.gov.au,Genderfluid,186.167.195.77
119,Annaliese,Pozzo,apozzo3a@narod.ru,Polygender,42.226.117.108
120,Donny,Chestnutt,dchestnutt3b@yahoo.com,Female,55.208.201.133
121,Thorvald,Roocroft,troocroft3c@theguardian.com,Male,17.59.91.172
122,Brent,Armes,barmes3d@samsung.com,Male,211.110.210.9
123,Celle,Coneau,cconeau3e@w3.org,Female,250.180.228.4
124,Verina,Tongue,vtongue3f@wikipedia.org,Female,254.148.212.188
125,Brendis,Crooke,bcrooke3g@google.co.uk,Male,6.229.247.205
126,Anni,Dalglish,adalglish3h@economist.com,Female,215.210.45.99
127,Elwyn,Twiddy,etwiddy3i@1688.com,Male,188.201.196.218
128,Birgit,Poltone,bpoltone3j@indiatimes.com,Female,129.52.135.84
129,Carleen,Cluse,ccluse3k@mail.ru,Female,108.159.23.93
130,Ivory,Mcsarry,imcsarry3l@themeforest.net,Female,161.119.244.220
131,Aldon,Carlsson,acarlsson3m@smugmug.com,Male,83.231.96.166
132,Davidde,Adnet,dadnet3n@macromedia.com,Male,28.253.167.36
133,Osmund,McCrohon,omccrohon3o@cisco.com,Male,114.175.90.224
134,Jamey,D'Antonio,jdantonio3p@forbes.com,Male,163.141.178.150
135,Mariquilla,Hansley,mhansley3q@oakley.com,Polygender,236.247.55.232
136,Jillayne,Edgin,jedgin3r@hatena.ne.jp,Female,218.44.177.8
137,Keriann,Bilbrey,kbilbrey3s@upenn.edu,Agender,168.47.243.16
138,Grier,Breede,gbreede3t@noaa.gov,Female,210.174.200.234
139,Stevie,Auty,sauty3u@nsw.gov.au,Male,73.103.60.137
140,Tomasine,Chetham,tchetham3v@foxnews.com,Female,208.72.144.71
141,Sonny,Vazquez,svazquez3w@wikipedia.org,Non-binary,95.220.231.180
142,Selma,Gasken,sgasken3x@liveinternet.ru,Female,28.165.123.143
143,Karia,Coltart,kcoltart3y@icio.us,Female,90.44.254.146
144,Faustine,Linggard,flinggard3z@tuttocitta.it,Female,86.183.89.110
145,Elsi,Killigrew,ekilligrew40@ted.com,Female,181.162.122.28
146,Brandais,Burt,bburt41@seesaa.net,Female,51.237.73.130
147,Dorry,Rate,drate42@ftc.gov,Female,187.70.217.39
148,Bing,Foulsham,bfoulsham43@thetimes.co.uk,Male,247.5.217.18
149,Lazarus,Cheer,lcheer44@people.com.cn,Male,241.242.246.226
150,Elwira,Junkison,ejunkison45@chronoengine.com,Female,238.178.86.104
151,Charita,Dranfield,cdranfield46@google.de,Female,30.10.234.228
152,Norton,Garett,ngarett47@yelp.com,Male,107.218.129.252
153,Solly,Pyecroft,spyecroft48@aboutads.info,Male,219.222.57.166
154,Beck,MacIllrick,bmacillrick49@yahoo.com,Bigender,118.224.147.106
155,Sanders,Danilenko,sdanilenko4a@bloglovin.com,Male,234.215.50.127
156,De witt,Greatbatch,dgreatbatch4b@tripadvisor.com,Non-binary,42.15.52.238
157,Terence,Wabb,twabb4c@e-recht24.de,Male,30.31.224.253
158,Caitlin,Kinforth,ckinforth4d@mashable.com,Female,214.75.237.127
159,Fredi,Cadell,fcadell4e@prweb.com,Female,233.231.122.205
160,Wilmer,Rushmere,wrushmere4f@who.int,Non-binary,181.147.237.130
161,Purcell,Widdop,pwiddop4g@jigsy.com,Male,107.166.203.26
162,Base,Edgington,bedgington4h@discuz.net,Male,22.21.82.217
163,Nadean,Elson,nelson4i@army.mil,Female,136.223.226.230
164,Griz,Lumbers,glumbers4j@mapquest.com,Male,123.132.121.106
165,Gretna,Hurll,ghurll4k@state.tx.us,Genderqueer,130.73.255.187
166,Henka,Longland,hlongland4l@lycos.com,Female,71.98.144.218
167,Laurella,Sarath,lsarath4m@go.com,Female,4.222.174.245
168,Haleigh,Dovydenas,hdovydenas4n@linkedin.com,Female,37.191.214.44
169,Wilie,Ackhurst,wackhurst4o@ucsd.edu,Female,97.132.62.247
170,Inge,Kinchlea,ikinchlea4p@twitpic.com,Female,87.149.151.148
171,Sissy,Skeeles,sskeeles4q@mac.com,Female,141.39.26.111
172,Augustin,Peggram,apeggram4r@businessweek.com,Male,192.45.138.218
173,Tybi,Peacey,tpeacey4s@sourceforge.net,Female,8.139.59.212
174,Colline,Bucksey,cbucksey4t@trellian.com,Female,67.46.28.108
175,Nobie,Cherry Holme,ncherryholme4u@newsvine.com,Male,186.4.27.183
176,Bart,Busain,bbusain4v@google.com,Genderqueer,37.19.10.252
177,Judith,Townrow,jtownrow4w@cyberchimps.com,Female,237.17.192.104
178,Lindy,Bolingbroke,lbolingbroke4x@free.fr,Female,241.71.200.244
179,Mallissa,Gundrey,mgundrey4y@epa.gov,Female,102.26.50.197
180,Estrella,Greatorex,egreatorex4z@edublogs.org,Female,72.142.76.197
181,Royal,Riggulsford,rriggulsford50@nba.com,Male,139.0.60.159
182,Malvin,Wetter,mwetter51@com.com,Male,139.40.58.255
183,Ahmed,Newland,anewland52@zimbio.com,Male,144.15.232.10
184,Nance,Pavic,npavic53@microsoft.com,Female,135.243.200.100
185,Padgett,Mc Menamin,pmcmenamin54@nydailynews.com,Male,131.248.40.194
186,Mallorie,Musto,mmusto55@discovery.com,Agender,16.71.220.226
187,Adrien,Sherville,asherville56@flavors.me,Male,93.116.142.60
188,Viola,Melia,vmelia57@joomla.org,Genderfluid,143.197.42.138
189,Tildy,Reddecliffe,treddecliffe58@accuweather.com,Agender,59.116.253.26
190,Gretna,Butland,gbutland59@nydailynews.com,Female,59.7.160.129
191,Keith,Cranstone,kcranstone5a@usnews.com,Male,153.199.156.255
192,Kipper,Cuniam,kcuniam5b@nba.com,Male,8.177.61.132
193,Melisent,Ramirez,mramirez5c@infoseek.co.jp,Female,52.39.232.60
194,Virginie,Tithecott,vtithecott5d@psu.edu,Female,129.250.20.193
195,Tybie,Noe,tnoe5e@ovh.net,Female,61.58.19.162
196,Shelli,Deabill,sdeabill5f@craigslist.org,Female,233.63.250.141
197,Errol,Moules,emoules5g@nhs.uk,Male,136.49.139.14
198,Symon,Dankersley,sdankersley5h@facebook.com,Male,129.93.130.171
199,Timoteo,Baudinelli,tbaudinelli5i@last.fm,Male,124.30.92.193
200,Ignacius,Lynett,ilynett5j@about.com,Male,34.211.76.158
201,Moritz,Struss,mstruss5k@google.nl,Male,111.28.7.139
202,Gerrie,Formigli,gformigli5l@arizona.edu,Female,167.243.96.67
203,Jacky,Jurca,jjurca5m@cdbaby.com,Female,200.170.217.43
204,Doria,Mercer,dmercer5n@twitter.com,Female,5.236.206.116
205,Peirce,Moreno,pmoreno5o@networksolutions.com,Male,20.226.87.231
206,Jaime,Clynmans,jclynmans5p@ftc.gov,Female,213.238.15.100
207,Phylis,Scyner,pscyner5q@baidu.com,Female,217.96.114.9
208,Ennis,Trammel,etrammel5r@dyndns.org,Male,199.183.57.101
209,Dene,Cock,dcock5s@bbc.co.uk,Genderqueer,226.152.106.227
210,Jim,Oliver,joliver5t@123-reg.co.uk,Male,50.11.232.25
211,Virge,Wallwork,vwallwork5u@cbsnews.com,Male,73.136.195.128
212,Evan,Brunstan,ebrunstan5v@noaa.gov,Male,124.104.203.1
213,Pascale,Arington,parington5w@netvibes.com,Male,171.100.96.38
214,Gaile,Prazor,gprazor5x@epa.gov,Male,89.74.109.90
215,Shir,Carletti,scarletti5y@1688.com,Female,196.32.44.202
216,Aleece,Lawrinson,alawrinson5z@ehow.com,Female,231.116.126.173
217,Joey,Peploe,jpeploe60@odnoklassniki.ru,Male,73.147.100.242
218,Gothart,Poolton,gpoolton61@patch.com,Male,32.161.6.120
219,Mara,D'Alessio,mdalessio62@chronoengine.com,Female,136.167.22.4
220,Fredrika,Revans,frevans63@ycombinator.com,Female,188.235.124.186
221,Morty,Eskrigg,meskrigg64@chron.com,Male,45.103.212.32
222,Bonni,Parcell,bparcell65@army.mil,Female,131.220.157.145
223,Aldus,Langran,alangran66@bluehost.com,Male,28.6.22.136
224,Sabina,McOnie,smconie67@geocities.jp,Female,50.239.176.203
225,Clayborn,Jales,cjales68@ask.com,Male,20.144.83.76
226,Zarah,McRoberts,zmcroberts69@reference.com,Female,102.195.203.60
227,Helaina,Guillard,hguillard6a@gmpg.org,Female,121.49.13.132
228,Millisent,Wilfling,mwilfling6b@imageshack.us,Female,5.18.69.104
229,Petra,Dougal,pdougal6c@ft.com,Female,157.132.119.61
230,Roarke,Fergyson,rfergyson6d@netscape.com,Male,208.5.32.1
231,Cyril,Sizzey,csizzey6e@fda.gov,Male,74.187.88.2
232,Concordia,Bertelmot,cbertelmot6f@psu.edu,Female,12.36.83.118
233,Elisa,Petrowsky,epetrowsky6g@thetimes.co.uk,Female,11.239.93.251
234,Elana,Bosley,ebosley6h@ow.ly,Female,155.201.217.124
235,Vinnie,D'Hooghe,vdhooghe6i@wikipedia.org,Male,86.211.218.111
236,Dulci,Petrik,dpetrik6j@fotki.com,Non-binary,188.178.128.84
237,Mickey,Pirouet,mpirouet6k@vinaora.com,Male,1.25.146.110
238,Clary,Atwell,catwell6l@cornell.edu,Female,96.238.252.51
239,Larine,Vizard,lvizard6m@homestead.com,Female,13.209.128.75
240,Garwin,Mawtus,gmawtus6n@google.com.hk,Male,9.197.188.166
241,Hamlen,Hayers,hhayers6o@pinterest.com,Male,114.196.170.47
242,Yul,Legen,ylegen6p@prnewswire.com,Male,233.103.173.149
243,Birdie,Kinsett,bkinsett6q@netvibes.com,Female,116.239.41.106
244,Gael,Davenhill,gdavenhill6r@is.gd,Female,172.215.197.62
245,Maye,Bernth,mbernth6s@sbwire.com,Non-binary,123.76.151.64
246,Anton,Kempster,akempster6t@utexas.edu,Male,192.87.32.187
247,Aubree,Aidler,aaidler6u@deliciousdays.com,Female,211.221.211.237
248,Errol,Frome,efrome6v@1688.com,Male,21.173.47.224
249,Ilario,Grady,igrady6w@senate.gov,Male,44.227.88.73
250,Andrew,Slade,aslade6x@posterous.com,Male,170.172.135.85
251,Cece,Johnes,cjohnes6y@walmart.com,Male,220.143.105.80
252,Nat,Okenfold,nokenfold6z@mapy.cz,Polygender,205.130.144.232
253,Rene,Bonhill,rbonhill70@washingtonpost.com,Male,137.131.145.73
254,Abbie,Trusler,atrusler71@ed.gov,Female,224.64.36.194
255,Katusha,Joscelin,kjoscelin72@zimbio.com,Genderqueer,87.63.210.106
256,Remus,Kleingrub,rkleingrub73@unc.edu,Male,238.213.94.179
257,Chariot,Simion,csimion74@1und1.de,Male,187.52.209.99
258,Adele,Phare,aphare75@bandcamp.com,Female,22.179.74.55
259,Clyve,Pitford,cpitford76@thetimes.co.uk,Male,159.164.1.142
260,Dusty,Impey,dimpey77@addtoany.com,Female,98.37.195.70
261,Dwayne,MacFadzean,dmacfadzean78@plala.or.jp,Male,26.91.139.178
262,Nathan,Gurery,ngurery79@yandex.ru,Male,28.236.145.206
263,Jodee,Monget,jmonget7a@cdc.gov,Female,224.34.56.80
264,Meyer,Bartalin,mbartalin7b@cornell.edu,Male,120.6.180.2
265,Angie,Farndale,afarndale7c@ustream.tv,Male,120.133.126.173
266,Bondie,Medlin,bmedlin7d@google.ca,Male,111.169.202.98
267,Herta,Kopman,hkopman7e@tamu.edu,Female,188.93.27.65
268,Georgianne,Tout,gtout7f@virginia.edu,Female,212.86.48.109
269,Marvin,Agney,magney7g@loc.gov,Male,187.187.202.230
270,Whitney,Zambonini,wzambonini7h@google.de,Female,102.155.148.190
271,Branden,Ainsby,bainsby7i@plala.or.jp,Male,239.120.27.106
272,Aretha,Ellph,aellph7j@va.gov,Genderqueer,195.92.206.233
273,Stephanus,Peers,speers7k@cafepress.com,Male,72.4.148.176
274,Cassie,Hitchens,chitchens7l@live.com,Male,118.170.164.130
275,Thacher,Bratchell,tbratchell7m@aboutads.info,Male,24.77.118.102
276,Merry,Bunney,mbunney7n@blogtalkradio.com,Male,119.175.80.222
277,Gray,Pyatt,gpyatt7o@netvibes.com,Female,50.26.151.52
278,Gearalt,Escofier,gescofier7p@nymag.com,Male,210.90.196.56
279,Mandy,Champniss,mchampniss7q@quantcast.com,Female,249.56.198.158
280,Barbabra,Pottie,bpottie7r@wsj.com,Female,239.101.110.180
281,Allianora,Claus,aclaus7s@springer.com,Female,37.234.2.83
282,Ruthi,Rickasse,rrickasse7t@diigo.com,Female,200.8.72.62
283,Codie,Roddy,croddy7u@quantcast.com,Female,117.24.23.82
284,Nancey,Brill,nbrill7v@pcworld.com,Female,83.19.73.214
285,Dolly,Ronnay,dronnay7w@icq.com,Female,60.59.179.70
286,Donna,Dyshart,ddyshart7x@webs.com,Female,7.122.45.10
287,Phillida,Ronchka,pronchka7y@mediafire.com,Female,127.229.183.81
288,Jemima,Wrightson,jwrightson7z@ca.gov,Female,255.139.5.252
289,Dulciana,Marquiss,dmarquiss80@trellian.com,Female,74.73.243.63
290,Maxy,Tidbald,mtidbald81@amazon.com,Male,122.196.250.146
291,Grissel,Pittoli,gpittoli82@paypal.com,Female,125.92.73.184
292,Stan,Coady,scoady83@yahoo.com,Male,100.57.233.232
293,Nikolos,Cumber,ncumber84@amazonaws.com,Male,32.16.40.10
294,Ruthie,Ambage,rambage85@geocities.jp,Female,84.147.82.222
295,Trent,Squirrel,tsquirrel86@google.de,Male,194.201.118.201
296,Ailee,Byrkmyr,abyrkmyr87@abc.net.au,Female,169.214.207.39
297,Jamil,Cozens,jcozens88@i2i.jp,Male,187.117.238.227
298,Norean,Geertsen,ngeertsen89@google.it,Female,73.14.105.53
299,Paule,Waumsley,pwaumsley8a@amazon.com,Female,79.250.158.244
300,Goraud,Anespie,ganespie8b@yahoo.com,Male,54.208.240.9
301,Vernen,Santori,vsantori8c@csmonitor.com,Bigender,186.124.96.87
302,Amaleta,Kendrick,akendrick8d@1und1.de,Female,93.38.121.192
303,Gustav,Acey,gacey8e@google.de,Male,58.81.238.58
304,Schuyler,Illiston,silliston8f@blog.com,Male,131.194.177.227
305,Garrard,Dibbs,gdibbs8g@hubpages.com,Male,112.111.96.160
306,Nels,Shinefield,nshinefield8h@macromedia.com,Genderfluid,106.15.112.5
307,Nesta,Drance,ndrance8i@baidu.com,Female,85.236.232.8
308,Walt,Kavanagh,wkavanagh8j@opensource.org,Male,91.51.238.189
309,Cosmo,Haygreen,chaygreen8k@senate.gov,Male,40.13.220.180
310,Feodor,Gaylor,fgaylor8l@scribd.com,Male,89.231.230.230
311,Tiffie,Gorelli,tgorelli8m@canalblog.com,Female,49.103.139.48
312,Carr,Lockie,clockie8n@ycombinator.com,Male,179.234.64.11
313,Rina,Ilsley,rilsley8o@smh.com.au,Female,8.145.123.4
314,Drucy,Arndell,darndell8p@ustream.tv,Female,156.46.43.172
315,Teddie,Hobbing,thobbing8q@cisco.com,Male,173.148.247.95
316,Donnie,Dyzart,ddyzart8r@wsj.com,Female,194.27.180.185
317,Hermione,Criple,hcriple8s@flickr.com,Female,217.171.15.80
318,Dani,Poulgreen,dpoulgreen8t@squidoo.com,Female,56.198.78.163
319,Iorgos,Westgate,iwestgate8u@adobe.com,Male,223.204.13.128
320,Modesty,McCosh,mmccosh8v@deliciousdays.com,Female,103.43.70.21
321,Niko,Ellam,nellam8w@altervista.org,Male,118.251.169.165
322,Lynna,Stapford,lstapford8x@hatena.ne.jp,Female,204.15.169.79
323,Atalanta,Pesak,apesak8y@plala.or.jp,Female,99.157.40.125
324,Urbanus,Antowski,uantowski8z@google.com.hk,Male,209.93.169.83
325,Shirleen,Birchall,sbirchall90@pbs.org,Female,8.11.26.182
326,Roderigo,Farlamb,rfarlamb91@europa.eu,Male,28.238.208.246
327,Corry,Gorsse,cgorsse92@cbc.ca,Non-binary,247.236.2.16
328,Rhianna,Suddaby,rsuddaby93@baidu.com,Female,90.248.51.8
329,Holly,Staves,hstaves94@sakura.ne.jp,Female,41.235.47.75
330,Garwin,Burgne,gburgne95@mlb.com,Male,21.28.144.152
331,Hakim,Duckels,hduckels96@dailymail.co.uk,Male,185.181.137.208
332,Dewey,Juggins,djuggins97@bing.com,Male,255.36.134.104
333,Nolana,Muehler,nmuehler98@a8.net,Female,158.65.168.200
334,Celine,Wehner,cwehner99@goo.gl,Female,41.242.42.128
335,Ailina,Murby,amurby9a@pinterest.com,Female,142.177.215.19
336,Jacquenette,Nucator,jnucator9b@people.com.cn,Female,2.238.239.249
337,Adrian,Brind,abrind9c@i2i.jp,Female,196.4.238.47
338,Charlotta,Krook,ckrook9d@unesco.org,Agender,194.55.154.100
339,Cammie,Beeckx,cbeeckx9e@blogger.com,Female,186.36.163.180
340,Ailbert,Begbie,abegbie9f@admin.ch,Male,13.203.61.120
341,Syman,Backs,sbacks9g@livejournal.com,Male,165.234.44.121
342,Jameson,McCloud,jmccloud9h@vkontakte.ru,Male,255.126.106.99
343,Corena,Gasquoine,cgasquoine9i@prlog.org,Genderqueer,143.145.130.38
344,Bennie,Joiris,bjoiris9j@mit.edu,Female,58.238.122.187
345,Arv,O'Scanlan,aoscanlan9k@webs.com,Male,115.118.93.98
346,Gary,MacLaig,gmaclaig9l@de.vu,Male,86.196.198.81
347,Raquel,Ruggieri,rruggieri9m@tinypic.com,Female,29.176.249.48
348,Rayshell,Milstead,rmilstead9n@example.com,Female,141.171.232.105
349,Alysa,Mustchin,amustchin9o@a8.net,Female,117.249.198.22
350,Mignonne,Baytrop,mbaytrop9p@msn.com,Genderqueer,179.191.214.71
351,Hoyt,Hunnicutt,hhunnicutt9q@squarespace.com,Male,124.198.62.108
352,Monica,Strodder,mstrodder9r@ft.com,Female,46.177.42.44
353,Meryl,Grieve,mgrieve9s@yolasite.com,Female,206.39.123.141
354,Moss,Markussen,mmarkussen9t@yellowpages.com,Polygender,1.203.72.229
355,Kahaleel,Fewell,kfewell9u@netlog.com,Male,105.111.92.118
356,Cy,Walne,cwalne9v@theatlantic.com,Non-binary,89.169.99.22
357,Nissie,Fassam,nfassam9w@jiathis.com,Female,17.252.159.184
358,Daniella,Bittleson,dbittleson9x@aboutads.info,Non-binary,230.207.143.36
359,Vernen,Sayton,vsayton9y@sitemeter.com,Male,143.77.212.101
360,Benedicto,Chainey,bchainey9z@skyrock.com,Male,173.119.251.119
361,Kirsteni,Laurenzi,klaurenzia0@moonfruit.com,Female,5.6.79.173
362,Lesly,Redpath,lredpatha1@nationalgeographic.com,Female,52.46.168.172
363,Cthrine,Di Baudi,cdibaudia2@123-reg.co.uk,Female,38.255.151.217
364,Durante,Everly,deverlya3@time.com,Male,103.216.195.241
365,Fredrick,Pinckard,fpinckarda4@wikipedia.org,Male,117.247.142.189
366,Chrysler,Longmore,clongmorea5@army.mil,Female,71.124.250.77
367,Welsh,Hamblett,whambletta6@biglobe.ne.jp,Male,189.220.120.125
368,Aleta,Finlater,afinlatera7@state.tx.us,Female,199.88.46.86
369,Earlie,Cuell,ecuella8@yahoo.co.jp,Male,245.129.239.60
370,Kalle,Mayoral,kmayorala9@cbsnews.com,Male,200.111.180.88
371,Creighton,Herrema,cherremaaa@wikipedia.org,Male,68.44.96.3
372,Eward,Saunter,esaunterab@shinystat.com,Male,172.164.236.237
373,Stanfield,Goakes,sgoakesac@goodreads.com,Male,205.158.47.255
374,Neddie,Holtom,nholtomad@sitemeter.com,Bigender,181.32.79.193
375,Nichole,Langfitt,nlangfittae@mail.ru,Female,136.146.104.252
376,Nana,Naulty,nnaultyaf@nyu.edu,Female,0.107.167.207
377,Emmott,Stringfellow,estringfellowag@barnesandnoble.com,Male,249.24.92.112
378,Chance,Extill,cextillah@cnet.com,Male,125.120.97.74
379,Gilberta,Dobie,gdobieai@163.com,Female,86.73.3.231
380,Ynez,Lathey,ylatheyaj@usnews.com,Female,115.119.242.211
381,Warden,Eslie,weslieak@chron.com,Male,184.249.69.46
382,Rowan,Belchambers,rbelchambersal@4shared.com,Male,16.28.241.11
383,Geno,Houseago,ghouseagoam@skype.com,Male,203.128.9.135
384,Lianna,Haggleton,lhaggletonan@msu.edu,Female,39.83.84.114
385,Sarita,Champneys,schampneysao@bbb.org,Female,182.142.116.102
386,Lilla,McElwee,lmcelweeap@cbsnews.com,Non-binary,62.165.240.141
387,Corinne,Caberas,ccaberasaq@goodreads.com,Female,181.175.165.178
388,Dianne,Yokelman,dyokelmanar@spotify.com,Female,73.69.30.192
389,Jorgan,Addie,jaddieas@photobucket.com,Male,130.3.223.175
390,Brenda,Poag,bpoagat@cnbc.com,Female,234.126.25.76
391,Merry,Haime,mhaimeau@vkontakte.ru,Female,36.254.238.193
392,Quinn,Rosencwaig,qrosencwaigav@hao123.com,Female,154.94.213.246
393,Ev,Chin,echinaw@reverbnation.com,Male,61.185.210.93
394,Jerri,de Glanville,jdeglanvilleax@elegantthemes.com,Male,131.1.83.237
395,Mellisa,Dawe,mdaweay@blogger.com,Female,112.159.245.40
396,Mikey,Mengo,mmengoaz@pen.io,Male,95.190.125.239
397,Milton,Brafield,mbrafieldb0@army.mil,Male,237.8.163.223
398,Rouvin,Marcham,rmarchamb1@51.la,Male,122.60.80.88
399,Bancroft,Juliano,bjulianob2@weebly.com,Male,96.102.145.179
400,Kelvin,Laimable,klaimableb3@stumbleupon.com,Non-binary,59.113.100.28
401,Ronalda,MacNeill,rmacneillb4@weibo.com,Female,177.241.12.131
402,Chiquia,Schuh,cschuhb5@soup.io,Female,14.236.22.198
403,Reeva,Robertz,rrobertzb6@miitbeian.gov.cn,Female,126.128.164.226
404,Noami,O'Dwyer,nodwyerb7@lycos.com,Female,214.183.156.210
405,Goober,Proudley,gproudleyb8@jiathis.com,Male,194.184.26.136
406,Violet,Wardroper,vwardroperb9@weibo.com,Agender,220.254.53.206
407,Catha,Sheber,csheberba@marriott.com,Female,218.20.154.72
408,Isabel,Heindrich,iheindrichbb@zimbio.com,Female,229.47.54.149
409,Mead,Chesley,mchesleybc@printfriendly.com,Male,34.19.107.84
410,Flss,Maric,fmaricbd@sciencedirect.com,Female,167.58.35.244
411,Yvor,Lovelady,yloveladybe@bizjournals.com,Male,6.230.104.66
412,Lizbeth,Kingswood,lkingswoodbf@google.ru,Female,23.91.72.217
413,Fianna,Josskovitz,fjosskovitzbg@photobucket.com,Female,190.91.230.125
414,Nerte,Lisimore,nlisimorebh@dagondesign.com,Female,248.219.253.163
415,Leona,Ackermann,lackermannbi@vkontakte.ru,Female,183.234.203.34
416,Krissy,Ivanyutin,kivanyutinbj@drupal.org,Agender,132.76.162.145
417,Joelie,Vinas,jvinasbk@samsung.com,Female,33.74.102.37
418,Gaile,Millington,gmillingtonbl@angelfire.com,Male,252.90.225.210
419,Randie,Fletcher,rfletcherbm@scientificamerican.com,Male,122.162.244.131
420,Albina,Lodewick,alodewickbn@yale.edu,Female,189.9.189.228
421,Jereme,O'Dunniom,jodunniombo@360.cn,Male,142.207.163.180
422,Lib,D'Abbot-Doyle,ldabbotdoylebp@uiuc.edu,Female,165.208.67.77
423,Theadora,Bailes,tbailesbq@cdbaby.com,Female,135.67.191.155
424,Stewart,Poll,spollbr@epa.gov,Male,169.148.156.203
425,Tan,Chaloner,tchalonerbs@thetimes.co.uk,Male,169.83.69.205
426,Leroi,Chirm,lchirmbt@youtu.be,Male,176.211.247.70
427,Kimberlyn,Penley,kpenleybu@time.com,Female,187.68.118.86
428,Fiorenze,Currington,fcurringtonbv@wix.com,Female,4.155.201.35
429,Kristopher,Antos,kantosbw@ibm.com,Agender,215.109.140.57
430,Welch,Hiom,whiombx@accuweather.com,Male,212.173.141.129
431,Babb,Gilbard,bgilbardby@apache.org,Female,234.190.136.101
432,Marilyn,Alcalde,malcaldebz@amazon.co.uk,Female,83.240.165.153
433,Neil,Robbs,nrobbsc0@elpais.com,Male,194.92.62.195
434,Koressa,Adrien,kadrienc1@desdev.cn,Female,243.204.228.128
435,Derick,Face,dfacec2@princeton.edu,Male,46.27.34.126
436,Peggy,Boissier,pboissierc3@xinhuanet.com,Female,220.162.209.66
437,Alec,Sarney,asarneyc4@joomla.org,Male,149.156.244.8
438,Ashlin,Harcombe,aharcombec5@barnesandnoble.com,Male,186.144.109.175
439,Bel,Landsberg,blandsbergc6@studiopress.com,Female,214.198.73.121
440,Beauregard,Morena,bmorenac7@tinypic.com,Male,208.58.12.7
441,Vladamir,Vuitte,vvuittec8@123-reg.co.uk,Male,221.171.118.109
442,Peter,Gunderson,pgundersonc9@aboutads.info,Male,131.91.112.171
443,Norton,Vivian,nvivianca@wikispaces.com,Male,254.78.215.75
444,Nichol,McElwee,nmcelweecb@myspace.com,Female,92.138.35.103
445,Isa,Lovell,ilovellcc@etsy.com,Male,221.234.186.107
446,Claire,Piesold,cpiesoldcd@cnbc.com,Male,187.170.46.86
447,Lizabeth,Davidek,ldavidekce@nih.gov,Female,64.122.123.185
448,Merna,Keeting,mkeetingcf@discovery.com,Female,238.39.119.121
449,Goldia,Herley,gherleycg@parallels.com,Female,200.196.239.251
450,Alice,Labrone,alabronech@facebook.com,Female,62.131.91.199
451,Huberto,Gaunter,hgaunterci@artisteer.com,Male,252.88.55.169
452,Electra,Persich,epersichcj@psu.edu,Female,16.60.110.128
453,Zabrina,Calan,zcalanck@rediff.com,Female,229.64.158.229
454,Somerset,Bonnick,sbonnickcl@samsung.com,Male,19.172.244.38
455,Geralda,Blaschke,gblaschkecm@usnews.com,Female,62.164.58.222
456,Farand,Neat,fneatcn@aol.com,Female,79.31.122.216
457,Sawyer,Brandino,sbrandinoco@java.com,Male,161.39.20.119
458,Phillida,Bourdis,pbourdiscp@house.gov,Female,210.170.71.161
459,Deni,Kochel,dkochelcq@is.gd,Female,135.205.48.195
460,Thorndike,Plumley,tplumleycr@yandex.ru,Male,142.186.155.131
461,Augusto,Laye,alayecs@accuweather.com,Male,250.244.137.46
462,Kailey,Tomowicz,ktomowiczct@cyberchimps.com,Female,48.64.69.192
463,Derrick,Kezor,dkezorcu@uol.com.br,Male,174.164.153.160
464,Sylvia,Pelos,speloscv@opensource.org,Female,117.254.133.83
465,Ebony,Renneke,erennekecw@storify.com,Female,203.248.118.201
466,Enriqueta,Coleman,ecolemancx@pagesperso-orange.fr,Female,16.35.235.209
467,Paddie,Bow,pbowcy@lycos.com,Male,159.69.77.47
468,Nevin,Swain,nswaincz@goo.ne.jp,Male,237.149.106.173
469,Lena,Pattemore,lpattemored0@amazonaws.com,Female,22.46.21.188
470,Waldo,Lorenz,wlorenzd1@ifeng.com,Genderqueer,194.244.179.189
471,Terri,Backson,tbacksond2@ameblo.jp,Male,228.118.73.170
472,Erasmus,Duinbleton,eduinbletond3@technorati.com,Male,199.19.76.118
473,Bart,Ferrier,bferrierd4@gmpg.org,Male,113.56.114.98
474,Yehudit,Hubbins,yhubbinsd5@wp.com,Genderfluid,179.133.201.4
475,Wenona,Churn,wchurnd6@w3.org,Female,42.47.123.177
476,Jackie,Gillivrie,jgillivried7@yale.edu,Male,84.190.89.114
477,Inesita,Barbrook,ibarbrookd8@va.gov,Female,168.100.171.180
478,Oneida,Porteous,oporteousd9@bloomberg.com,Female,124.114.75.85
479,Lethia,Farrell,lfarrellda@cnn.com,Female,116.163.123.61
480,Helen,Ellsbury,hellsburydb@epa.gov,Female,156.102.99.67
481,Leta,McDonagh,lmcdonaghdc@phoca.cz,Female,50.130.37.238
482,Guillema,Crossfield,gcrossfielddd@bandcamp.com,Female,23.140.235.113
483,Latashia,Ennor,lennorde@nationalgeographic.com,Female,42.240.197.178
484,Jammie,Saphir,jsaphirdf@webnode.com,Female,202.243.197.101
485,Sancho,Hattiff,shattiffdg@constantcontact.com,Male,123.70.2.235
486,Maible,Philpots,mphilpotsdh@tiny.cc,Female,5.35.106.175
487,Brandise,Hatwell,bhatwelldi@miitbeian.gov.cn,Female,233.188.64.3
488,Scotti,Mockler,smocklerdj@purevolume.com,Male,23.99.149.73
489,Vanya,O'Hickee,vohickeedk@go.com,Genderfluid,83.132.119.9
490,Tedmund,Zoppo,tzoppodl@tumblr.com,Genderqueer,183.97.201.151
491,Marice,Hendriksen,mhendriksendm@earthlink.net,Female,123.162.149.233
492,Darryl,Windous,dwindousdn@weebly.com,Female,30.206.7.255
493,Gabbi,Gaddie,ggaddiedo@bbb.org,Female,144.132.67.218
494,Engracia,Gayter,egayterdp@tamu.edu,Female,49.205.78.143
495,Alexis,Cruse,acrusedq@networksolutions.com,Female,0.141.99.88
496,Brett,Genese,bgenesedr@altervista.org,Female,191.119.217.232
497,Darice,Duferie,dduferieds@state.gov,Female,41.132.95.24
498,Jodi,Dowbakin,jdowbakindt@nasa.gov,Male,34.169.146.164
499,Annamaria,Watkins,awatkinsdu@msu.edu,Female,143.73.94.244
500,Corny,Grendon,cgrendondv@dion.ne.jp,Male,83.48.22.20
501,Fredi,Courtliff,fcourtliffdw@bluehost.com,Female,214.70.9.21
502,Ade,Crehan,acrehandx@sphinn.com,Male,121.35.189.40
503,Cindee,Izakof,cizakofdy@unblog.fr,Polygender,168.68.0.52
504,Rees,Bottrill,rbottrilldz@state.gov,Male,153.159.232.24
505,Maegan,Alker,malkere0@engadget.com,Female,251.60.166.127
506,Everett,Sharphurst,esharphurste1@parallels.com,Male,125.230.162.197
507,Xever,Bossom,xbossome2@columbia.edu,Male,73.2.89.211
508,Bobina,Akister,bakistere3@mlb.com,Female,89.214.73.106
509,Eartha,Crenshaw,ecrenshawe4@nih.gov,Female,7.57.150.175
510,Si,Giacobo,sgiacoboe5@tinyurl.com,Male,214.42.49.99
511,Jolee,Maddison,jmaddisone6@multiply.com,Female,243.225.133.171
512,Eric,Bishopp,ebishoppe7@constantcontact.com,Male,46.183.49.33
513,Lenora,Skellion,lskellione8@webeden.co.uk,Female,219.17.143.215
514,Ferrel,Drowsfield,fdrowsfielde9@webs.com,Male,243.39.82.13
515,Tobi,Eloy,teloyea@acquirethisname.com,Female,233.166.249.124
516,Sayres,Checketts,scheckettseb@globo.com,Male,122.47.215.184
517,Yorke,Hearson,yhearsonec@bandcamp.com,Male,210.11.84.241
518,Nalani,Pittendreigh,npittendreighed@shutterfly.com,Female,228.32.235.233
519,Gail,Ekless,geklessee@yahoo.com,Male,227.211.141.39
520,Howey,O' Molan,homolanef@soundcloud.com,Male,0.127.51.28
521,Fairlie,Muzzall,fmuzzalleg@amazon.co.jp,Male,164.232.41.180
522,Kevyn,Rippon,kripponeh@gov.uk,Female,13.3.183.144
523,Caryn,Comini,ccominiei@histats.com,Female,86.140.179.111
524,Eddy,Patron,epatronej@state.tx.us,Male,34.132.3.207
525,Mile,Twoohy,mtwoohyek@a8.net,Male,54.4.82.234
526,Mickie,Mc Comb,mmccombel@businesswire.com,Male,78.178.22.189
527,Devora,Trickey,dtrickeyem@biblegateway.com,Female,71.44.225.35
528,Caria,Percy,cpercyen@indiatimes.com,Female,191.208.181.188
529,Clem,Latta,clattaeo@jigsy.com,Male,193.192.159.141
530,Romona,Gornal,rgornalep@list-manage.com,Female,100.53.146.78
531,Riki,Dorsey,rdorseyeq@examiner.com,Female,124.249.93.235
532,Jervis,Fleckney,jfleckneyer@java.com,Male,13.84.221.95
533,Natty,Ilyas,nilyases@ebay.com,Male,66.156.27.100
534,Rasia,Welch,rwelchet@princeton.edu,Female,118.253.48.191
535,Helen,Snailham,hsnailhameu@telegraph.co.uk,Female,205.155.123.146
536,Aurea,Plaice,aplaiceev@wikispaces.com,Female,75.168.250.127
537,Gerty,Slafford,gslaffordew@yahoo.co.jp,Female,19.71.240.52
538,Clarice,Campa,ccampaex@php.net,Female,238.106.126.220
539,Johannes,Rattenberie,jrattenberieey@drupal.org,Male,150.36.80.191
540,Mirelle,Jewes,mjewesez@ed.gov,Female,228.89.237.209
541,Davina,Macoun,dmacounf0@weather.com,Female,5.254.174.174
542,Cecile,Haresign,charesignf1@youtube.com,Female,97.24.79.152
543,Loria,Desouza,ldesouzaf2@scribd.com,Female,50.178.84.191
544,Amby,Feighney,afeighneyf3@networkadvertising.org,Male,115.112.182.12
545,Patience,Hamlin,phamlinf4@histats.com,Female,115.68.90.213
546,Langsdon,Kingscote,lkingscotef5@opera.com,Male,248.104.63.251
547,Falkner,Schneider,fschneiderf6@nba.com,Genderqueer,206.21.184.197
548,Graig,Scotsbrook,gscotsbrookf7@drupal.org,Male,119.170.58.179
549,Alena,Caton,acatonf8@npr.org,Female,189.128.192.210
550,Giorgio,Loxston,gloxstonf9@berkeley.edu,Male,96.189.179.5
551,Hobey,Sheach,hsheachfa@themeforest.net,Male,98.94.140.21
552,Shel,Cornillot,scornillotfb@bluehost.com,Female,188.215.27.238
553,Grethel,Shirtliff,gshirtlifffc@123-reg.co.uk,Female,191.209.104.64
554,Tanny,Atlay,tatlayfd@virginia.edu,Male,235.230.167.99
555,Lorene,Westcar,lwestcarfe@google.de,Non-binary,126.232.204.143
556,Cord,Lannon,clannonff@cocolog-nifty.com,Male,100.143.255.114
557,Doloritas,Hudspeth,dhudspethfg@plala.or.jp,Female,51.109.96.121
558,Suzy,Simonutti,ssimonuttifh@cnet.com,Female,14.182.192.50
559,Dallas,Dobbin,ddobbinfi@php.net,Male,184.121.155.225
560,Marv,Manginot,mmanginotfj@thetimes.co.uk,Male,48.177.158.222
561,Cobby,Charlwood,ccharlwoodfk@arstechnica.com,Male,152.48.238.31
562,Genevra,Gallegos,ggallegosfl@dot.gov,Female,251.84.253.241
563,Remington,Baterip,rbateripfm@state.tx.us,Male,199.211.250.135
564,Maxi,Loyns,mloynsfn@adobe.com,Agender,161.151.184.234
565,Stavros,Stonard,sstonardfo@house.gov,Male,146.2.77.151
566,Christan,McAvinchey,cmcavincheyfp@technorati.com,Female,86.9.82.104
567,Margaret,Strafen,mstrafenfq@ihg.com,Polygender,142.34.189.251
568,Frederica,Drakard,fdrakardfr@gizmodo.com,Female,95.31.27.254
569,Rustin,Stote,rstotefs@umich.edu,Male,162.63.133.145
570,Torin,Mellish,tmellishft@joomla.org,Male,231.6.217.18
571,Hector,Leeuwerink,hleeuwerinkfu@163.com,Male,253.13.210.60
572,Glad,Kristof,gkristoffv@nymag.com,Female,138.73.152.219
573,Zulema,Loades,zloadesfw@ycombinator.com,Female,22.19.89.31
574,Bonnee,Wilshire,bwilshirefx@wsj.com,Female,214.1.21.111
575,Sinclair,Otridge,sotridgefy@1688.com,Male,235.237.207.77
576,Reta,Brazel,rbrazelfz@scientificamerican.com,Female,164.181.19.71
577,Findlay,Fiddiman,ffiddimang0@hc360.com,Male,45.24.130.44
578,Stacey,Doag,sdoagg1@privacy.gov.au,Female,145.15.216.168
579,Murdoch,Pascall,mpascallg2@mapy.cz,Male,80.220.211.128
580,Putnam,Slocom,pslocomg3@microsoft.com,Genderqueer,126.223.56.244
581,Alonzo,Brendel,abrendelg4@webs.com,Male,208.129.54.218
582,Jim,Bolingbroke,jbolingbrokeg5@mapquest.com,Non-binary,133.32.52.134
583,Valentina,Durbin,vdurbing6@howstuffworks.com,Female,152.182.236.209
584,Natassia,Hallowell,nhallowellg7@hugedomains.com,Female,65.202.53.192
585,Candra,Raise,craiseg8@hc360.com,Female,190.190.92.80
586,Kane,Yeulet,kyeuletg9@ebay.co.uk,Male,174.242.180.56
587,Walker,Melanaphy,wmelanaphyga@cocolog-nifty.com,Male,109.159.58.1
588,Andie,Dearl,adearlgb@cnn.com,Polygender,127.111.248.71
589,Reggy,Terbeck,rterbeckgc@apple.com,Male,238.244.164.193
590,Lorianna,Nelhams,lnelhamsgd@imdb.com,Female,192.123.112.91
591,Bethina,Yashanov,byashanovge@csmonitor.com,Female,170.250.91.254
592,Martica,Kramer,mkramergf@upenn.edu,Female,183.203.3.118
593,Trumann,Misson,tmissongg@techcrunch.com,Male,231.198.16.209
594,Ricca,Handrek,rhandrekgh@histats.com,Female,156.218.189.164
595,Barton,Nann,bnanngi@google.com.hk,Male,214.91.81.164
596,Killian,Fleischer,kfleischergj@amazon.de,Male,177.182.15.58
597,Kevin,Swadlen,kswadlengk@shinystat.com,Male,86.104.87.183
598,Kimberley,Deetch,kdeetchgl@harvard.edu,Female,32.127.130.31
599,Josephina,Gieves,jgievesgm@themeforest.net,Female,122.223.222.95
600,Kirstyn,Bertot,kbertotgn@amazonaws.com,Female,150.164.208.164
601,Alverta,Archibald,aarchibaldgo@t-online.de,Female,163.175.235.108
602,Thorndike,Minty,tmintygp@accuweather.com,Male,113.187.57.31
603,Mack,Blaydes,mblaydesgq@canalblog.com,Male,121.102.169.91
604,Katrina,Sauvan,ksauvangr@nyu.edu,Female,156.221.145.89
605,Margret,Willars,mwillarsgs@pagesperso-orange.fr,Female,206.186.30.62
606,Haywood,Djorvic,hdjorvicgt@dailymotion.com,Male,10.184.200.188
607,Washington,Raspin,wraspingu@earthlink.net,Male,46.158.37.90
608,Finlay,Fiennes,ffiennesgv@nhs.uk,Male,239.180.213.90
609,Shawnee,Eustace,seustacegw@smh.com.au,Female,174.15.60.241
610,Gail,Stithe,gstithegx@upenn.edu,Female,1.197.243.226
611,Zack,Rabbitts,zrabbittsgy@arstechnica.com,Male,184.72.212.151
612,Peri,MacBey,pmacbeygz@patch.com,Female,93.100.217.224
613,Mitchel,Horney,mhorneyh0@omniture.com,Male,204.169.37.176
614,Kirby,Brookwood,kbrookwoodh1@gnu.org,Male,48.72.157.190
615,Lexine,Myall,lmyallh2@artisteer.com,Female,208.93.136.172
616,Billy,Frane,bfraneh3@geocities.jp,Agender,15.226.237.166
617,Sharleen,Bortolini,sbortolinih4@nih.gov,Female,199.189.94.38
618,Taryn,Frie,tfrieh5@domainmarket.com,Female,238.70.21.177
619,Clarice,Swyre,cswyreh6@shutterfly.com,Female,18.51.29.209
620,Sula,Classen,sclassenh7@mail.ru,Female,38.248.126.61
621,Roberto,Barabich,rbarabichh8@youtu.be,Male,143.141.54.228
622,Hastings,Clegg,hcleggh9@linkedin.com,Male,33.7.112.249
623,Maxim,Lindl,mlindlha@barnesandnoble.com,Male,124.245.43.197
624,Herrick,Tricker,htrickerhb@cafepress.com,Male,59.137.157.119
625,Dorolisa,Offell,doffellhc@wikia.com,Non-binary,46.225.112.28
626,Onida,Beevors,obeevorshd@whitehouse.gov,Female,240.134.4.210
627,Gardener,Scullion,gscullionhe@angelfire.com,Male,80.84.100.74
628,Viv,Manuaud,vmanuaudhf@marketwatch.com,Female,79.89.68.28
629,Sansone,Kocher,skocherhg@fastcompany.com,Male,126.10.224.126
630,Galvin,Greatbatch,ggreatbatchhh@cornell.edu,Male,185.169.3.160
631,Lennie,Bento,lbentohi@yahoo.com,Genderfluid,88.155.180.249
632,Ollie,Pursglove,opursglovehj@spiegel.de,Female,133.233.78.61
633,Farleigh,McGreay,fmcgreayhk@printfriendly.com,Male,242.223.86.113
634,Charlene,Lourens,clourenshl@youku.com,Female,175.19.227.233
635,Rudd,Coleiro,rcoleirohm@facebook.com,Male,226.155.129.104
636,Antoine,Badby,abadbyhn@netvibes.com,Male,94.27.86.187
637,Skelly,Dodamead,sdodameadho@pagesperso-orange.fr,Male,254.15.32.96
638,Dante,Bithany,dbithanyhp@hc360.com,Male,153.76.180.182
639,Ogdan,Lidgey,olidgeyhq@adobe.com,Agender,235.236.141.55
640,Susi,Sprigg,ssprigghr@jiathis.com,Female,20.23.254.177
641,Annadiana,Bahlmann,abahlmannhs@surveymonkey.com,Female,82.153.198.167
642,Estella,Waterworth,ewaterworthht@blogspot.com,Female,20.36.178.241
643,Natale,Gypson,ngypsonhu@yellowbook.com,Male,115.163.204.244
644,Leonore,Alves,lalveshv@theatlantic.com,Female,200.122.100.215
645,Brantley,Danser,bdanserhw@nydailynews.com,Male,194.52.107.231
646,Pebrook,Coger,pcogerhx@1688.com,Male,53.82.200.47
647,Justin,Tuckett,jtucketthy@netlog.com,Genderqueer,138.121.35.23
648,Tully,Lownds,tlowndshz@artisteer.com,Male,29.94.41.234
649,Honey,Wortley,hwortleyi0@cloudflare.com,Female,207.123.210.63
650,Conway,MacElharge,cmacelhargei1@jiathis.com,Male,141.192.83.2
651,Dorothea,Fulbrook,dfulbrooki2@wix.com,Genderfluid,168.186.64.220
652,Merrick,Gudgen,mgudgeni3@w3.org,Male,80.45.171.198
653,Lauryn,Jenkins,ljenkinsi4@ycombinator.com,Female,233.134.140.180
654,Hercule,Chasen,hchaseni5@1688.com,Male,188.99.115.103
655,Cammie,Damiral,cdamirali6@sina.com.cn,Female,32.168.136.252
656,Kile,Ayre,kayrei7@360.cn,Male,129.158.148.244
657,Spense,Farnish,sfarnishi8@chronoengine.com,Male,51.103.61.118
658,Jacky,Standrin,jstandrini9@edublogs.org,Polygender,101.75.65.231
659,Jodee,Strowger,jstrowgeria@myspace.com,Female,82.14.127.194
660,Laura,Hackleton,lhackletonib@nifty.com,Female,198.35.178.192
661,Aindrea,Marunchak,amarunchakic@nhs.uk,Genderfluid,213.63.172.60
662,Wilton,Guerrero,wguerreroid@i2i.jp,Male,187.232.96.72
663,Allix,Pennacci,apennacciie@independent.co.uk,Female,224.253.245.145
664,Worthy,Stichall,wstichallif@msu.edu,Male,71.106.166.188
665,Gasparo,Beckett,gbeckettig@hhs.gov,Agender,80.159.205.245
666,Sarena,Trammel,strammelih@dailymotion.com,Female,175.173.175.68
667,Roma,Farrer,rfarrerii@clickbank.net,Male,144.96.93.219
668,Britte,Mollindinia,bmollindiniaij@time.com,Female,239.227.121.205
669,Romain,Blaksland,rblakslandik@time.com,Male,48.230.4.187
670,Catherina,MacColgan,cmaccolganil@mtv.com,Female,123.6.20.12
671,Dallon,Meatyard,dmeatyardim@shinystat.com,Male,164.249.132.100
672,Ibrahim,Pinck,ipinckin@who.int,Genderqueer,114.83.206.57
673,Phylys,Bauman,pbaumanio@marriott.com,Female,47.241.170.129
674,Shea,Shellsheere,sshellsheereip@dailymotion.com,Female,9.15.75.211
675,Sile,Kinchlea,skinchleaiq@sciencedaily.com,Female,153.217.51.129
676,Whitaker,Gainfort,wgainfortir@deliciousdays.com,Male,247.192.85.38
677,See,Morkham,smorkhamis@merriam-webster.com,Male,65.11.172.34
678,Electra,Rohmer,erohmerit@alibaba.com,Female,162.235.25.235
679,Evonne,Gulleford,egullefordiu@berkeley.edu,Female,182.168.70.14
680,Lexine,Baddow,lbaddowiv@hao123.com,Female,157.28.44.51
681,Damon,Eliaz,deliaziw@nifty.com,Male,218.128.224.113
682,Dukey,Panniers,dpanniersix@51.la,Male,151.124.191.40
683,Beverie,Popeley,bpopeleyiy@dion.ne.jp,Female,39.175.255.60
684,Claire,Crielly,ccriellyiz@intel.com,Male,61.117.0.20
685,Felicity,Moysey,fmoyseyj0@harvard.edu,Female,193.53.197.109
686,Janka,Bausor,jbausorj1@xing.com,Female,95.87.72.82
687,Barry,Lohrensen,blohrensenj2@mayoclinic.com,Female,120.91.193.190
688,Eolande,Seaman,eseamanj3@washingtonpost.com,Genderqueer,99.157.158.216
689,Warner,Beneze,wbenezej4@indiatimes.com,Male,21.5.80.59
690,Charmion,Goodban,cgoodbanj5@yelp.com,Female,226.38.176.211
691,Erroll,Edelston,eedelstonj6@youtu.be,Male,229.98.169.214
692,Frederick,Owlner,fowlnerj7@wikispaces.com,Male,126.150.248.220
693,Gardy,Rafe,grafej8@tinypic.com,Male,13.195.87.155
694,Georgeanna,Cubbon,gcubbonj9@sakura.ne.jp,Female,4.111.85.245
695,Sibylla,Spinetti,sspinettija@si.edu,Female,72.14.135.42
696,Brigham,Josebury,bjoseburyjb@europa.eu,Male,87.217.252.244
697,Marijo,Arminger,marmingerjc@google.nl,Female,165.88.85.163
698,Jarrett,Champerlen,jchamperlenjd@webnode.com,Male,185.186.140.191
699,Craig,Buttrey,cbuttreyje@oakley.com,Male,227.139.253.70
700,Marga,Drinkhill,mdrinkhilljf@washington.edu,Female,183.111.9.35
701,Mauricio,Gronav,mgronavjg@upenn.edu,Male,35.160.233.67
702,Herb,Dissman,hdissmanjh@dailymail.co.uk,Male,134.180.212.24
703,Erma,Carpe,ecarpeji@delicious.com,Female,17.166.132.212
704,Simona,Sheed,ssheedjj@gnu.org,Female,121.250.60.13
705,Issy,Duddell,iduddelljk@dailymail.co.uk,Female,181.130.211.11
706,Massimo,Bolsover,mbolsoverjl@si.edu,Male,230.82.15.56
707,Nate,Beebee,nbeebeejm@phoca.cz,Male,94.204.38.19
708,Kenton,Westpfel,kwestpfeljn@biblegateway.com,Male,182.180.190.209
709,Jade,Cesco,jcescojo@weibo.com,Female,210.198.1.136
710,Ashly,Ryding,arydingjp@hexun.com,Female,48.130.209.46
711,Ketty,Lawleff,klawleffjq@goodreads.com,Female,80.202.152.254
712,Sophey,Baudrey,sbaudreyjr@npr.org,Female,31.38.146.212
713,Orton,Pile,opilejs@ovh.net,Non-binary,43.34.119.130
714,Vonnie,Archibold,varchiboldjt@scribd.com,Female,151.202.111.104
715,Salvador,Bycraft,sbycraftju@hostgator.com,Male,41.162.36.142
716,Henriette,Reaman,hreamanjv@vimeo.com,Female,33.49.198.78
717,Leonid,Goodding,lgooddingjw@bravesites.com,Male,135.114.97.244
718,Annmaria,Gertray,agertrayjx@woothemes.com,Female,132.247.173.147
719,Jessica,Digges,jdiggesjy@xinhuanet.com,Female,48.241.145.22
720,Donal,Blouet,dblouetjz@google.it,Male,107.126.18.213
721,Kendal,Scrase,kscrasek0@admin.ch,Agender,99.36.75.5
722,Caralie,Flinders,cflindersk1@wp.com,Female,82.61.190.89
723,Kinsley,Matthaus,kmatthausk2@ihg.com,Male,194.106.164.228
724,Lolly,Duffitt,lduffittk3@merriam-webster.com,Female,248.62.126.34
725,Rochester,Strand,rstrandk4@merriam-webster.com,Male,111.107.82.162
726,Glynis,Santus,gsantusk5@cyberchimps.com,Female,59.28.38.156
727,Margarete,Bickerdicke,mbickerdickek6@army.mil,Non-binary,182.147.19.100
728,Shawn,Jzak,sjzakk7@nbcnews.com,Female,90.161.17.90
729,Melina,Filintsev,mfilintsevk8@cbslocal.com,Female,14.2.13.251
730,Ryann,Walton,rwaltonk9@mlb.com,Female,43.218.196.106
731,Anatola,Rossetti,arossettika@last.fm,Female,118.230.247.76
732,Indira,Kelling,ikellingkb@meetup.com,Female,128.253.208.48
733,Dex,Bernon,dbernonkc@arizona.edu,Male,121.165.214.66
734,Felicle,Meaking,fmeakingkd@networkadvertising.org,Female,186.233.92.117
735,Joshuah,Placido,jplacidoke@yahoo.co.jp,Male,88.217.98.41
736,Angelina,Allwright,aallwrightkf@harvard.edu,Genderqueer,188.148.212.187
737,Carolann,Lesly,cleslykg@businessweek.com,Female,0.134.230.206
738,Julissa,Langton,jlangtonkh@1und1.de,Bigender,238.66.210.32
739,Zack,Horwell,zhorwellki@unc.edu,Male,128.175.112.213
740,Dionysus,Meeson,dmeesonkj@fc2.com,Male,197.246.210.63
741,Devinne,Giffard,dgiffardkk@uol.com.br,Female,7.134.47.105
742,Sasha,Gulk,sgulkkl@newyorker.com,Male,150.25.29.237
743,Patrizia,Sleep,psleepkm@yahoo.co.jp,Female,220.233.134.166
744,Neall,Dicker,ndickerkn@posterous.com,Male,13.69.122.193
745,Quent,Raynor,qraynorko@berkeley.edu,Male,160.146.33.17
746,Mylo,Wathell,mwathellkp@ehow.com,Male,121.176.239.25
747,Cazzie,Stockdale,cstockdalekq@skype.com,Male,112.41.43.36
748,Willie,Hedger,whedgerkr@ftc.gov,Male,72.92.163.177
749,Aime,Fann,afannks@upenn.edu,Female,140.171.74.84
750,Katine,Konertz,kkonertzkt@goo.ne.jp,Female,194.234.246.172
751,Melisande,Furze,mfurzeku@census.gov,Polygender,237.234.202.231
752,Lilah,Geddis,lgeddiskv@wired.com,Female,94.109.105.26
753,Merwyn,Brabham,mbrabhamkw@time.com,Male,198.166.230.240
754,Keenan,Goshawke,kgoshawkekx@oaic.gov.au,Male,235.87.168.72
755,Hanan,Peirce,hpeirceky@diigo.com,Male,27.252.106.136
756,Keenan,Manterfield,kmanterfieldkz@bigcartel.com,Genderqueer,109.59.6.74
757,Gordie,Zute,gzutel0@hao123.com,Male,50.233.11.113
758,Urban,Raccio,uracciol1@gnu.org,Male,163.172.246.133
759,Berty,Gillet,bgilletl2@pbs.org,Polygender,20.243.19.60
760,Crichton,Jirik,cjirikl3@webeden.co.uk,Polygender,82.18.157.122
761,Abbot,Gianolini,agianolinil4@amazonaws.com,Male,142.54.75.180
762,Klement,Colbran,kcolbranl5@canalblog.com,Male,35.202.28.39
763,Finlay,Issacof,fissacofl6@hp.com,Male,87.79.37.9
764,Filippa,Causley,fcausleyl7@comsenz.com,Female,126.175.192.23
765,Morry,Dare,mdarel8@howstuffworks.com,Male,85.114.57.111
766,Dianemarie,Bowyer,dbowyerl9@spotify.com,Female,110.143.16.140
767,Cletis,Picopp,cpicoppla@opera.com,Male,105.80.73.176
768,Broderick,Guislin,bguislinlb@about.com,Male,1.191.239.103
769,Arv,Phillott,aphillottlc@csmonitor.com,Male,104.6.162.70
770,Kasper,Butterick,kbutterickld@theatlantic.com,Male,115.126.172.81
771,Townsend,Arran,tarranle@angelfire.com,Male,55.43.115.67
772,Eldin,O'Kennedy,eokennedylf@google.de,Male,8.249.217.72
773,Dannel,Garrold,dgarroldlg@msu.edu,Male,129.183.17.156
774,Ruby,Padgett,rpadgettlh@pbs.org,Male,27.141.114.29
775,Sibilla,Pratley,spratleyli@imgur.com,Female,237.53.139.84
776,Windy,Naton,wnatonlj@mozilla.com,Female,122.242.82.75
777,Micki,Gemeau,mgemeaulk@pagesperso-orange.fr,Female,59.62.240.24
778,Leonard,Leabeater,lleabeaterll@feedburner.com,Male,186.124.112.74
779,Bertina,Pallant,bpallantlm@stanford.edu,Female,161.102.151.8
780,Ferdinand,Nowick,fnowickln@acquirethisname.com,Male,94.198.89.37
781,Natividad,Offener,noffenerlo@seesaa.net,Female,179.36.129.4
782,Ollie,Roscow,oroscowlp@narod.ru,Male,124.90.104.224
783,Wain,Ravenhill,wravenhilllq@ted.com,Male,252.103.168.135
784,Kennan,Domaschke,kdomaschkelr@independent.co.uk,Male,222.233.39.17
785,Carley,Angelini,cangelinils@edublogs.org,Female,124.189.56.31
786,Tally,Balnave,tbalnavelt@joomla.org,Female,174.219.57.23
787,Marcile,Pearman,mpearmanlu@prlog.org,Female,118.11.59.5
788,Roxine,MacKessock,rmackessocklv@bandcamp.com,Female,21.209.71.171
789,Richardo,Ferrillo,rferrillolw@phoca.cz,Male,144.141.64.183
790,Hildagarde,Ramsby,hramsbylx@altervista.org,Bigender,75.239.254.179
791,Katrinka,Mulder,kmulderly@de.vu,Female,20.154.125.203
792,Kali,Edelmann,kedelmannlz@foxnews.com,Non-binary,228.130.177.229
793,Wilden,Laroux,wlarouxm0@bbc.co.uk,Male,141.123.235.194
794,Ezmeralda,Franzetti,efranzettim1@multiply.com,Female,204.149.37.96
795,John,Aim,jaimm2@yale.edu,Non-binary,14.38.244.168
796,Coop,Clapperton,cclappertonm3@gizmodo.com,Male,45.240.225.213
797,Willi,Buske,wbuskem4@mac.com,Male,219.126.156.228
798,Zarla,Crombie,zcrombiem5@ebay.co.uk,Female,119.198.228.78
799,Fredia,Dillistone,fdillistonem6@discuz.net,Female,211.112.100.239
800,Jocelin,Cogar,jcogarm7@slideshare.net,Female,244.249.231.128
801,Elonore,Burford,eburfordm8@harvard.edu,Female,13.7.48.154
802,Lainey,Normanvill,lnormanvillm9@miibeian.gov.cn,Female,160.31.67.20
803,Merrielle,Loche,mlochema@sourceforge.net,Female,148.36.19.12
804,Joey,Ubsdell,jubsdellmb@europa.eu,Female,76.161.23.131
805,Oswald,Ring,oringmc@ycombinator.com,Non-binary,184.228.213.48
806,Margie,Cruickshanks,mcruickshanksmd@xinhuanet.com,Female,191.183.99.98
807,Damaris,Bernet,dbernetme@usgs.gov,Female,142.50.45.236
808,Farlee,Cardenas,fcardenasmf@nih.gov,Male,228.125.43.24
809,Jemimah,Fake,jfakemg@ftc.gov,Female,193.170.124.245
810,Cazzie,Picot,cpicotmh@eepurl.com,Male,75.65.38.71
811,Daniel,Iiannoni,diiannonimi@google.cn,Male,5.240.55.176
812,Lindsay,Anglish,langlishmj@deliciousdays.com,Male,171.21.217.13
813,Florrie,Bilsford,fbilsfordmk@hao123.com,Female,181.101.150.139
814,Catherine,Beniesh,cbenieshml@utexas.edu,Female,151.208.8.229
815,Star,Benoi,sbenoimm@java.com,Female,219.207.76.240
816,Effie,Tixall,etixallmn@icio.us,Female,119.0.135.104
817,Brandea,Serridge,bserridgemo@usatoday.com,Female,242.45.189.114
818,Caria,Goodband,cgoodbandmp@people.com.cn,Female,200.179.47.89
819,Baudoin,Downer,bdownermq@uol.com.br,Male,12.187.207.98
820,Jule,Salliss,jsallissmr@last.fm,Non-binary,229.195.104.182
821,Cyndie,Attwoul,cattwoulms@technorati.com,Female,12.107.20.15
822,Barry,Cleminson,bcleminsonmt@desdev.cn,Male,124.193.124.186
823,Ashil,Hatwell,ahatwellmu@hubpages.com,Non-binary,103.112.93.41
824,Jeramey,Quoit,jquoitmv@wsj.com,Male,133.141.20.4
825,Reba,Dale,rdalemw@newyorker.com,Female,93.29.12.185
826,Theresita,Murison,tmurisonmx@fema.gov,Female,120.19.99.48
827,Fabiano,Whyffen,fwhyffenmy@economist.com,Male,130.241.14.164
828,Merry,Allworthy,mallworthymz@people.com.cn,Male,100.235.62.154
829,Free,Withinshaw,fwithinshawn0@meetup.com,Male,197.146.36.89
830,Cece,Gresswell,cgresswelln1@blog.com,Male,40.37.130.249
831,Shepperd,Rawlingson,srawlingsonn2@illinois.edu,Male,218.127.140.229
832,Sebastian,Gritskov,sgritskovn3@ibm.com,Male,59.72.181.198
833,Tull,De Mico,tdemicon4@discovery.com,Non-binary,186.126.132.145
834,Andie,Elmore,aelmoren5@privacy.gov.au,Male,178.110.15.204
835,Guinevere,Dymocke,gdymocken6@deviantart.com,Genderfluid,86.184.223.71
836,Omero,Tineman,otinemann7@ocn.ne.jp,Male,220.33.65.163
837,Ambrosius,Matis,amatisn8@jugem.jp,Male,165.195.100.87
838,Jemimah,Cornelisse,jcornelissen9@java.com,Female,18.231.148.163
839,Codie,Benazet,cbenazetna@homestead.com,Polygender,115.160.175.190
840,Emilie,Phizackarley,ephizackarleynb@si.edu,Female,237.70.68.228
841,Reed,Olford,rolfordnc@sitemeter.com,Male,52.214.213.55
842,Jory,Mackieson,jmackiesonnd@mysql.com,Male,232.59.90.192
843,Fifine,Summerscales,fsummerscalesne@jalbum.net,Female,16.68.118.232
844,Stephine,Instock,sinstocknf@sphinn.com,Female,249.213.157.205
845,Timothea,Androck,tandrockng@usa.gov,Genderfluid,70.10.134.194
846,Benoit,Forlonge,bforlongenh@bizjournals.com,Male,123.226.15.66
847,Peyton,Boullen,pboullenni@mapy.cz,Male,115.98.24.72
848,Helli,Traves,htravesnj@google.es,Female,105.89.139.157
849,Marlo,Harrild,mharrildnk@vinaora.com,Female,112.77.120.247
850,Caspar,Geistmann,cgeistmannnl@reuters.com,Male,78.245.72.25
851,Becki,Caccavale,bcaccavalenm@jigsy.com,Female,145.143.5.1
852,Beverley,Bollon,bbollonnn@nps.gov,Female,117.49.146.98
853,Rochette,Calderbank,rcalderbankno@clickbank.net,Female,20.64.251.0
854,Candide,Philippart,cphilippartnp@devhub.com,Female,250.33.135.176
855,Byram,Riep,briepnq@discovery.com,Agender,26.86.212.241
856,Ignacio,McGebenay,imcgebenaynr@unblog.fr,Male,233.241.134.198
857,Russell,Pryer,rpryerns@theguardian.com,Male,172.220.175.187
858,Sayre,Selland,ssellandnt@eventbrite.com,Male,198.151.145.51
859,Marabel,Trank,mtranknu@harvard.edu,Female,61.165.126.144
860,Katharyn,Lutman,klutmannv@goo.gl,Female,180.190.91.133
861,Perry,Tate,ptatenw@imgur.com,Male,39.250.27.96
862,Hart,Boules,hboulesnx@istockphoto.com,Male,226.103.153.115
863,Thedrick,Reuter,treuterny@xrea.com,Male,234.145.5.108
864,Ronnica,Rackley,rrackleynz@sfgate.com,Female,139.46.118.150
865,Bernadette,Lisciandri,blisciandrio0@whitehouse.gov,Female,239.7.69.80
866,Darsie,Kroin,dkroino1@furl.net,Female,195.78.169.153
867,Emelda,Powter,epowtero2@jalbum.net,Female,213.74.120.121
868,Yank,Echallier,yechalliero3@gov.uk,Male,248.47.248.140
869,Ganny,Kenan,gkenano4@amazon.com,Bigender,246.240.236.84
870,Tommie,Marcroft,tmarcrofto5@yellowbook.com,Male,125.98.206.193
871,Reidar,Emilien,remilieno6@studiopress.com,Male,110.190.63.47
872,Artemus,Bendley,abendleyo7@state.gov,Bigender,124.223.177.233
873,Alyssa,Eliesco,aeliescoo8@i2i.jp,Non-binary,43.40.150.214
874,Jeddy,Powles,jpowleso9@cpanel.net,Bigender,131.21.35.221
875,Sigismond,Spurrior,sspurrioroa@mysql.com,Polygender,61.123.22.165
876,Marlee,Sacase,msacaseob@amazonaws.com,Female,93.145.63.75
877,Fax,Pittock,fpittockoc@prlog.org,Male,122.36.247.234
878,Frederigo,Comford,fcomfordod@constantcontact.com,Male,38.75.93.169
879,Noelyn,Frowde,nfrowdeoe@bloomberg.com,Genderqueer,216.193.144.190
880,Domeniga,Glaum,dglaumof@google.fr,Female,198.86.152.255
881,Bernita,Vogt,bvogtog@microsoft.com,Female,84.227.128.14
882,Robenia,Caurah,rcaurahoh@unc.edu,Female,130.189.63.157
883,Cyrille,Iannazzi,ciannazzioi@ovh.net,Male,197.32.74.118
884,Amory,Pim,apimoj@nasa.gov,Male,94.82.144.240
885,Silvanus,Millins,smillinsok@vimeo.com,Male,76.69.194.59
886,Galvan,Mulcock,gmulcockol@toplist.cz,Male,15.199.24.1
887,Sandy,Pullen,spullenom@amazon.de,Male,108.16.243.69
888,Roseann,Connochie,rconnochieon@fc2.com,Female,106.11.200.97
889,Virgie,Worley,vworleyoo@fastcompany.com,Male,44.113.139.115
890,Talbert,Stannas,tstannasop@shinystat.com,Male,193.130.68.4
891,Clovis,Liff,cliffoq@amazon.co.jp,Female,127.177.225.115
892,Lindy,Hayland,lhaylandor@shareasale.com,Female,175.40.240.42
893,Quintina,Longden,qlongdenos@dropbox.com,Female,100.72.161.167
894,Liam,Sink,lsinkot@go.com,Male,68.36.113.18
895,Bartolomeo,Tugman,btugmanou@google.com.au,Male,98.242.157.82
896,Dukie,Menure,dmenureov@addtoany.com,Male,56.165.246.10
897,Lyssa,Spurden,lspurdenow@va.gov,Female,235.245.54.240
898,Waverly,Bosanko,wbosankoox@yandex.ru,Male,150.158.182.18
899,Gil,Richardsson,grichardssonoy@howstuffworks.com,Male,61.193.252.231
900,Tades,Brimner,tbrimneroz@sfgate.com,Male,6.154.117.194
901,Siegfried,Vedstra,svedstrap0@arizona.edu,Male,32.51.7.244
902,Susann,Dobeson,sdobesonp1@msn.com,Female,115.210.233.148
903,Windham,Leechman,wleechmanp2@nyu.edu,Male,212.131.1.128
904,Danya,Foster-Smith,dfostersmithp3@businessinsider.com,Female,162.70.71.83
905,Adara,Newband,anewbandp4@eepurl.com,Female,185.10.58.106
906,Carmel,Belton,cbeltonp5@slashdot.org,Female,13.82.242.29
907,Kelcie,Inman,kinmanp6@theatlantic.com,Female,140.48.167.71
908,Kylen,Petr,kpetrp7@studiopress.com,Non-binary,252.133.93.122
909,Correy,Ballay,cballayp8@exblog.jp,Male,246.73.84.9
910,Dorella,Spittal,dspittalp9@youku.com,Female,78.132.132.47
911,Mable,Bog,mbogpa@who.int,Female,118.36.124.240
912,Noelle,Ruller,nrullerpb@hibu.com,Female,210.103.105.65
913,Waylan,Steckings,wsteckingspc@homestead.com,Male,95.242.162.213
914,Lefty,Ortler,lortlerpd@utexas.edu,Male,84.190.110.140
915,Marsh,Throssell,mthrossellpe@t-online.de,Male,56.181.0.21
916,Itch,Collum,icollumpf@edublogs.org,Male,8.87.173.149
917,Lief,D'Antonio,ldantoniopg@seesaa.net,Male,212.210.70.113
918,Bella,Broddle,bbroddleph@vistaprint.com,Female,123.229.175.98
919,Tabitha,Churchyard,tchurchyardpi@smugmug.com,Female,199.174.54.120
920,Joyce,Pieper,jpieperpj@studiopress.com,Female,63.161.50.174
921,Laurie,Gery,lgerypk@techcrunch.com,Male,12.127.192.71
922,Wilfrid,MacCarrick,wmaccarrickpl@theatlantic.com,Male,31.149.177.21
923,Cullan,Fulcher,cfulcherpm@github.com,Male,204.201.71.10
924,Artemus,Lauga,alaugapn@yellowpages.com,Male,47.204.38.149
925,Lynnett,Lauder,llauderpo@redcross.org,Female,211.97.145.154
926,Jacquette,Gebuhr,jgebuhrpp@shareasale.com,Female,156.22.26.31
927,Darrelle,Scoates,dscoatespq@dell.com,Female,196.229.28.224
928,Alexa,Dudmesh,adudmeshpr@google.com.hk,Genderfluid,113.204.131.70
929,Orville,Falshaw,ofalshawps@homestead.com,Male,9.186.39.56
930,Ewen,Gaspar,egasparpt@reuters.com,Male,236.168.137.83
931,Taylor,Mooreed,tmooreedpu@gnu.org,Male,206.204.237.187
932,Tiffani,Bartaletti,tbartalettipv@miibeian.gov.cn,Female,200.162.76.83
933,Blane,Couronne,bcouronnepw@last.fm,Male,246.150.135.132
934,Olive,Turbern,oturbernpx@shutterfly.com,Female,8.21.194.246
935,Abigael,Redmain,aredmainpy@nationalgeographic.com,Female,196.7.104.195
936,Ferdy,Grout,fgroutpz@fda.gov,Male,210.31.225.101
937,Annabelle,Saunder,asaunderq0@wix.com,Polygender,42.177.43.239
938,Adolph,McQuilkin,amcquilkinq1@g.co,Male,111.102.11.7
939,Manon,Walsham,mwalshamq2@shinystat.com,Female,40.176.177.75
940,Berna,Devany,bdevanyq3@purevolume.com,Female,163.11.185.234
941,Dori,Gypson,dgypsonq4@flavors.me,Female,187.7.240.240
942,Bethena,Tipple,btippleq5@is.gd,Female,19.28.230.9
943,Jackquelin,Hallgarth,jhallgarthq6@histats.com,Female,168.225.188.216
944,Humberto,Venneur,hvenneurq7@jimdo.com,Male,44.74.82.107
945,Lynnett,Sinson,lsinsonq8@cnbc.com,Female,34.56.127.14
946,Dillon,Newhouse,dnewhouseq9@slideshare.net,Male,252.101.197.206
947,Clarisse,Windebank,cwindebankqa@tripadvisor.com,Female,232.3.97.239
948,Hartley,Tizzard,htizzardqb@myspace.com,Male,21.232.254.193
949,Raychel,Fearnyhough,rfearnyhoughqc@ca.gov,Female,16.213.164.94
950,Kalle,Blitzer,kblitzerqd@google.de,Male,127.254.36.3
951,Paige,Lidbetter,plidbetterqe@gnu.org,Male,203.51.127.150
952,Sherrie,Huntriss,shuntrissqf@mediafire.com,Female,237.172.181.61
953,Doralyn,Crielly,dcriellyqg@unc.edu,Female,192.245.80.238
954,Lovell,Carcas,lcarcasqh@bizjournals.com,Male,0.246.142.226
955,Birdie,Weben,bwebenqi@cbc.ca,Female,99.185.3.194
956,Roselia,Poone,rpooneqj@ucla.edu,Female,128.92.209.159
957,Jenelle,Winkless,jwinklessqk@nasa.gov,Female,21.32.149.246
958,Fonsie,Falcus,ffalcusql@indiatimes.com,Male,18.175.143.118
959,Daniel,Etherson,dethersonqm@cbslocal.com,Male,193.130.216.248
960,Ray,Graundisson,rgraundissonqn@godaddy.com,Female,221.219.194.46
961,Sada,MacCallum,smaccallumqo@networkadvertising.org,Female,138.121.202.37
962,Murry,France,mfranceqp@blinklist.com,Genderfluid,223.185.163.165
963,Elaine,Marchment,emarchmentqq@accuweather.com,Female,146.105.226.249
964,Yolande,Wilstead,ywilsteadqr@hatena.ne.jp,Female,7.120.93.239
965,Heywood,Kermitt,hkermittqs@yahoo.co.jp,Male,185.250.133.186
966,Clerc,Lafflina,clafflinaqt@scientificamerican.com,Bigender,127.100.106.196
967,Wilfred,Lifton,wliftonqu@meetup.com,Male,48.159.83.238
968,Woody,Geggie,wgeggieqv@seattletimes.com,Male,132.113.254.57
969,Jaymie,Simpkiss,jsimpkissqw@macromedia.com,Male,224.28.73.121
970,Elvina,Bosma,ebosmaqx@freewebs.com,Female,241.42.2.147
971,Keven,Amsberger,kamsbergerqy@reference.com,Male,146.209.55.0
972,Alonzo,Sheldon,asheldonqz@facebook.com,Male,172.13.92.13
973,Evangeline,Klemps,eklempsr0@whitehouse.gov,Female,17.231.77.99
974,Vanessa,Conkay,vconkayr1@sun.com,Female,75.36.120.200
975,Sherie,Dever,sdeverr2@1und1.de,Agender,10.233.105.213
976,Georgeanne,Cardenosa,gcardenosar3@merriam-webster.com,Female,65.173.134.97
977,Britta,Cottee,bcotteer4@icq.com,Female,25.126.231.91
978,Murial,O' Molan,momolanr5@dedecms.com,Female,118.6.184.207
979,Jess,Stellin,jstellinr6@freewebs.com,Female,7.83.252.107
980,Yank,Colenutt,ycolenuttr7@cbslocal.com,Male,27.64.87.14
981,Gideon,Kestell,gkestellr8@amazon.co.uk,Male,219.16.94.89
982,Bess,Gilcrist,bgilcristr9@ted.com,Female,16.226.37.158
983,Alphonso,Hawkridge,ahawkridgera@list-manage.com,Male,155.85.73.104
984,Jodee,Pellett,jpellettrb@google.co.uk,Female,1.99.81.116
985,Ilaire,Walker,iwalkerrc@yolasite.com,Male,56.54.119.47
986,Skipton,Shepton,ssheptonrd@yale.edu,Male,133.221.132.4
987,Lindon,Upfold,lupfoldre@netvibes.com,Male,75.208.64.11
988,Danni,Hellcat,dhellcatrf@privacy.gov.au,Female,88.142.246.112
989,Ring,Jerzyk,rjerzykrg@wunderground.com,Male,178.49.198.9
990,Hubey,Donisi,hdonisirh@forbes.com,Male,47.187.251.216
991,Leonardo,Kieff,lkieffri@java.com,Male,204.0.227.33
992,Lianne,Jakobsson,ljakobssonrj@fema.gov,Female,173.5.184.147
993,Marlo,Craighead,mcraigheadrk@state.gov,Male,165.245.62.200
994,Truda,Hallgate,thallgaterl@sourceforge.net,Female,160.9.212.111
995,Cyndi,Marikhin,cmarikhinrm@wix.com,Polygender,16.181.27.124
996,Betsy,Gartell,bgartellrn@tinyurl.com,Female,247.69.36.182
997,Rourke,Stellin,rstellinro@china.com.cn,Male,60.48.81.76
998,Charis,Bogeys,cbogeysrp@mayoclinic.com,Female,242.117.250.190
999,Byrle,Bauduin,bbauduinrq@psu.edu,Male,204.15.214.157
1000,Vite,Stud,vstudrr@google.it,Male,68.85.178.126
